ContractID,LocationID,LocationName,ISOBIN,LocationGroup,IsPrimary,IsTenant,InceptionDate,ExpirationDate,Street,City,SubArea2,SubArea,Area,CRESTA,PostalCode,CountryISO,Latitude,Longitude,UserGeocodeMatchLevel,GeocoderCode,EnhancedGeoMatchLevelCode,GeocoderAccountId,BuildingValue,OtherValue,ContentsValue,TimeElementValue,DaysCovered,Currency,RiskCount,Premium,ConstructionCodeType,ConstructionCode,ConstructionOther,OccupancyCodeType,OccupancyCode,YearBuilt,NumberOfStories,GrossArea,GrossAreaUnit,BuildingHeight,BuildingHeightUnitCode,Territory,NonCATGroundUpLoss,UDF1,UDF2,UDF3,UDF4,UDF5,LocationDFID,SubareaName,ISOConstructionCode,ISOOccupancyCode,FloorArea,FloorAreaUnitCode,FloorsOccupied,CustomFloodSOP,CustomFloodSOPType,CustomFloodZone,DefensibleSpace,FirewiseCommunityParticipation,FloorOfInterest,BuildingCondition,BuildingShape,Torsion,SoftStory,ShapeIrregularity,SpecialConstruction,Retrofit,ShortColumn,Ornamentation,WaterHeater,Redundancy,TallOneStory,Equipment,SealOfApproval,RoofGeometry,RoofPitch,RoofCover,RoofDeck,RoofCoverAttachment,RoofDeckAttachment,RoofAnchorage,RoofAttachedStructure,RoofYearBuilt,Tank,RoofHailImpactResistance,,WallType,WallSiding,GlassType,GlassPercent,WindowProtection,ExternalDoors,BuildingExteriorOpening,BrickVeneer,FoundationConnection,FoundationType,InternalPartition,Welding,TransitionInSRC,MultiStoryHallType,LatticeType,IsValueType,ColumnBasement,ColdFormedTube,AttachedStructures,AppurtenantStructures,Pounding,TreeExposure,SmallDebris,LargeMissile,TerrainRoughness,AdjacentBuildingHeight,ProjectCompletion,ProjectPhaseCode,BasementLevelCount,BasementFinishType,CustomElevation,CustomElevationUnit,BaseFloodElevation,BaseFloodElevationUnit,FirstFloorHeight,FirstFloorHeightUnit,ServiceEquipmentProtection,WetFloodProofing,FIRMCompliance,ContentVulnerability,CertifiedStructuresIBHS,PPCCode,IsFireSprinklerAvailable,ContentDamageability,CargoPacking,CargoProtection,SpecieStorage,SprinklerType,SalvagePotential,LocPerils,LocLimitType,LimitBldg,LimitOther,LimitContent,LimitTime,Participation1,Participation2,DeductType,DeductBldg,DeductOther,DeductContent,DeductTime,AggregateLimitType,AggregateLimit,MinMaxDeductType,MinDeduct,MaxDeduct,AggregateDeductType,AggregateDeduct
1254209,11358392,1,,,0,0,2022-05-01,2023-04-30,,,,,,BEL_3,3001,BE,50.86549,4.67937,,UN,USER,,0,0,4502825,0,365,USD,1,0,AIR,100,100,AIR,315,0,0,0,SQFT,0,,,0,,,,,,,,,,0,SQFT,,-999,H,0,-999,0,0,0,0,0,0,0,0,0,0,0,0,0,0,0,0,0,0,0,0,0,0,0,0,0,0,0,,0,0,0,0,0,0,0,0,0,0,0,0,0,0,0,0,0,0,0,0,0,0,0,0,0,0,0,0,0,0,-999,,-999,,-999,,0,0,0,0,0,,0,0,0,0,0,0,0,CF,C,0,0,0,0,1,1,C,0,0,0,0,N,0,N,0,0,N,0
1254209,11358401,10,,,0,0,2022-05-01,2023-04-30,,,,Hefei - Xishi Qu,Anhui,,,CN,31.86141,117.27562,,UN,,,206141,0,409903,0,365,USD,1,0,AIR,100,100,AIR,315,0,0,5412.9274,SQFT,0,,,0,,,,,,,Hefei - Xishi Qu,,,0,SQFT,,-999,H,0,-999,0,0,0,0,0,0,0,0,0,0,0,0,0,0,0,0,0,0,0,0,0,0,0,0,0,0,0,,0,0,0,0,0,0,0,0,0,0,0,0,0,0,0,0,0,0,0,0,0,0,0,0,0,0,0,0,0,0,-999,,-999,,-999,,0,0,0,0,0,,0,0,0,0,0,0,0,CH,C,0,0,0,0,1,1,C,0,0,0,0,N,0,N,0,0,N,0
1254209,11358491,100,,,0,0,2022-05-01,2023-04-30,,,,Queenstown,,Singapore,117556,SG,1.29865,103.77548,,UN,,,0,0,5980828,0,365,USD,1,0,AIR,100,100,AIR,315,0,0,0,SQFT,0,,,0,,,,,,,Queenstown,,,0,SQFT,,-999,H,0,-999,0,0,0,0,0,0,0,0,0,0,0,0,0,0,0,0,0,0,0,0,0,0,0,0,0,0,0,,0,0,0,0,0,0,0,0,0,0,0,0,0,0,0,0,0,0,0,0,0,0,0,0,0,0,0,0,0,0,-999,,-999,,-999,,0,0,0,0,0,,0,0,0,0,0,0,0,EQ,C,0,0,0,0,1,1,C,0,0,0,0,N,0,N,0,0,N,0
1254209,11358492,101,,,0,0,2022-05-01,2023-04-30,,,,Queenstown,,Singapore,117684,SG,1.28847,103.779518,,UN,,,0,0,5219727,0,365,USD,1,0,AIR,100,100,AIR,315,0,0,0,SQFT,0,,,0,,,,,,,Queenstown,,,0,SQFT,,-999,H,0,-999,0,0,0,0,0,0,0,0,0,0,0,0,0,0,0,0,0,0,0,0,0,0,0,0,0,0,0,,0,0,0,0,0,0,0,0,0,0,0,0,0,0,0,0,0,0,0,0,0,0,0,0,0,0,0,0,0,0,-999,,-999,,-999,,0,0,0,0,0,,0,0,0,0,0,0,0,FF,C,0,0,0,0,1,1,C,0,0,0,0,N,0,N,0,0,N,0
1254209,11358493,102,,,0,0,2022-05-01,2023-04-30,,,,Downtown Core,,Singapore,178880,SG,1.289436,103.84998,,UN,,,4557206,0,220941,0,365,USD,1,0,AIR,100,100,AIR,315,0,0,574.9994,SQFT,0,,,0,,,,,,,Downtown Core,,,0,SQFT,,-999,H,0,-999,0,0,0,0,0,0,0,0,0,0,0,0,0,0,0,0,0,0,0,0,0,0,0,0,0,0,0,,0,0,0,0,0,0,0,0,0,0,0,0,0,0,0,0,0,0,0,0,0,0,0,0,0,0,0,0,0,0,-999,,-999,,-999,,0,0,0,0,0,,0,0,0,0,0,0,0,HL,C,0,0,0,0,1,1,C,0,0,0,0,N,0,N,0,0,N,0
1254209,11358494,103,,,0,0,2022-05-01,2023-04-30,,,,Queenstown,,Singapore,138542,SG,1.29916,103.789726,,UN,,,2012640,0,980397,0,365,USD,1,0,AIR,100,100,AIR,315,0,0,5142.0407,SQFT,0,,,0,,,,,,,Queenstown,,,0,SQFT,,-999,H,0,-999,0,0,0,0,0,0,0,0,0,0,0,0,0,0,0,0,0,0,0,0,0,0,0,0,0,0,0,,0,0,0,0,0,0,0,0,0,0,0,0,0,0,0,0,0,0,0,0,0,0,0,0,0,0,0,0,0,0,-999,,-999,,-999,,0,0,0,0,0,,0,0,0,0,0,0,0,IF,C,0,0,0,0,1,1,C,0,0,0,0,N,0,N,0,0,N,0
1254209,11358495,104,,,0,0,2022-05-01,2023-04-30,,,,Queenstown,,Singapore,117528,SG,1.28967,103.778549,,UN,,,0,0,1688952,0,365,USD,1,0,AIR,100,100,AIR,315,0,0,0,SQFT,0,,,0,,,,,,,Queenstown,,,0,SQFT,,-999,H,0,-999,0,0,0,0,0,0,0,0,0,0,0,0,0,0,0,0,0,0,0,0,0,0,0,0,0,0,0,,0,0,0,0,0,0,0,0,0,0,0,0,0,0,0,0,0,0,0,0,0,0,0,0,0,0,0,0,0,0,-999,,-999,,-999,,0,0,0,0,0,,0,0,0,0,0,0,0,LQ,C,0,0,0,0,1,1,C,0,0,0,0,N,0,N,0,0,N,0
1254209,11358496,105,,,0,0,2022-05-01,2023-04-30,,,,Woodlands,,Singapore,757178,SG,1.45156,103.79807,,UN,,,535222,0,34133,0,365,USD,1,0,AIR,100,100,AIR,315,0,0,938.9996,SQFT,0,,,0,,,,,,,Woodlands,,,0,SQFT,,-999,H,0,-999,0,0,0,0,0,0,0,0,0,0,0,0,0,0,0,0,0,0,0,0,0,0,0,0,0,0,0,,0,0,0,0,0,0,0,0,0,0,0,0,0,0,0,0,0,0,0,0,0,0,0,0,0,0,0,0,0,0,-999,,-999,,-999,,0,0,0,0,0,,0,0,0,0,0,0,0,LS,C,0,0,0,0,1,1,C,0,0,0,0,N,0,N,0,0,N,0
1254209,11358497,106,,,0,0,2022-05-01,2023-04-30,,,,Pioneer,,Singapore,627751,SG,1.31963,103.69475,,UN,,,0,0,51475,0,365,USD,1,0,AIR,100,100,AIR,313,0,0,0,SQFT,0,,,0,,,,,,,Pioneer,,,0,SQFT,,-999,H,0,-999,0,0,0,0,0,0,0,0,0,0,0,0,0,0,0,0,0,0,0,0,0,0,0,0,0,0,0,,0,0,0,0,0,0,0,0,0,0,0,0,0,0,0,0,0,0,0,0,0,0,0,0,0,0,0,0,0,0,-999,,-999,,-999,,0,0,0,0,0,,0,0,0,0,0,0,0,NC,C,0,0,0,0,1,1,C,0,0,0,0,N,0,N,0,0,N,0
1254209,11358498,107,,,0,0,2022-05-01,2023-04-30,,,,,,GyeongGi-do,456,KR,37.082703,127.26171,,UN,,,0,0,5750862,0,365,USD,1,0,AIR,100,100,AIR,313,0,0,0,SQFT,0,,,0,,,,,,,,,,0,SQFT,,-999,H,0,-999,0,0,0,0,0,0,0,0,0,0,0,0,0,0,0,0,0,0,0,0,0,0,0,0,0,0,0,,0,0,0,0,0,0,0,0,0,0,0,0,0,0,0,0,0,0,0,0,0,0,0,0,0,0,0,0,0,0,-999,,-999,,-999,,0,0,0,0,0,,0,0,0,0,0,0,0,PD,C,0,0,0,0,1,1,C,0,0,0,0,N,0,N,0,0,N,0
1254209,11358499,108,,,0,0,2022-05-01,2023-04-30,,,,,,GyeongGi-do,463,KR,37.367679,127.141626,,UN,,,121392,0,5842869,0,365,USD,1,0,AIR,100,100,AIR,315,0,0,30384.9321,SQFT,0,,,0,,,,,,,,,,0,SQFT,,-999,H,0,-999,0,0,0,0,0,0,0,0,0,0,0,0,0,0,0,0,0,0,0,0,0,0,0,0,0,0,0,,0,0,0,0,0,0,0,0,0,0,0,0,0,0,0,0,0,0,0,0,0,0,0,0,0,0,0,0,0,0,-999,,-999,,-999,,0,0,0,0,0,,0,0,0,0,0,0,0,PF,C,0,0,0,0,1,1,C,0,0,0,0,N,0,N,0,0,N,0
1254209,11358500,109,,,0,0,2022-05-01,2023-04-30,,,,,,Chungcheongbuk-do,361,KR,36.624512,127.428482,,UN,,,0,0,1223843,0,365,USD,1,0,AIR,100,100,AIR,315,0,0,0,SQFT,0,,,0,,,,,,,,,,0,SQFT,,-999,H,0,-999,0,0,0,0,0,0,0,0,0,0,0,0,0,0,0,0,0,0,0,0,0,0,0,0,0,0,0,,0,0,0,0,0,0,0,0,0,0,0,0,0,0,0,0,0,0,0,0,0,0,0,0,0,0,0,0,0,0,-999,,-999,,-999,,0,0,0,0,0,,0,0,0,0,0,0,0,PN,C,0,0,0,0,1,1,C,0,0,0,0,N,0,N,0,0,N,0
1254209,11358402,11,,,0,0,2022-05-01,2023-04-30,,,,Fuyang - Taihe Xian,Anhui,,,CN,33.477863,115.47539,,UN,,,0,0,70321,0,365,USD,1,0,AIR,100,100,AIR,315,0,0,0,SQFT,0,,,0,,,,,,,Fuyang - Taihe Xian,,,0,SQFT,,-999,H,0,-999,0,0,0,0,0,0,0,0,0,0,0,0,0,0,0,0,0,0,0,0,0,0,0,0,0,0,0,,0,0,0,0,0,0,0,0,0,0,0,0,0,0,0,0,0,0,0,0,0,0,0,0,0,0,0,0,0,0,-999,,-999,,-999,,0,0,0,0,0,,0,0,0,0,0,0,0,SB,C,0,0,0,0,1,1,C,0,0,0,0,N,0,N,0,0,N,0
1254209,11358501,110,,,0,0,2022-05-01,2023-04-30,,,,,,Chungcheongnam-do,330,KR,36.813519,127.107323,,UN,,,0,0,1625450,0,365,USD,1,0,AIR,100,100,AIR,315,0,0,0,SQFT,0,,,0,,,,,,,,,,0,SQFT,,-999,H,0,-999,0,0,0,0,0,0,0,0,0,0,0,0,0,0,0,0,0,0,0,0,0,0,0,0,0,0,0,,0,0,0,0,0,0,0,0,0,0,0,0,0,0,0,0,0,0,0,0,0,0,0,0,0,0,0,0,0,0,-999,,-999,,-999,,0,0,0,0,0,,0,0,0,0,0,0,0,SL,C,0,0,0,0,1,1,C,0,0,0,0,N,0,N,0,0,N,0
1254209,11358502,111,,,0,0,2022-05-01,2023-04-30,,,,,,Gyeingsangbuk-do,730,KR,36.15088,128.414016,,UN,,,0,0,49947,0,365,USD,1,0,AIR,100,100,AIR,315,0,0,1327.8991,SQFT,0,,,0,,,,,,,,,,0,SQFT,,-999,H,0,-999,0,0,0,0,0,0,0,0,0,0,0,0,0,0,0,0,0,0,0,0,0,0,0,0,0,0,0,,0,0,0,0,0,0,0,0,0,0,0,0,0,0,0,0,0,0,0,0,0,0,0,0,0,0,0,0,0,0,-999,,-999,,-999,,0,0,0,0,0,,0,0,0,0,0,0,0,ST,C,0,0,0,0,1,1,C,0,0,0,0,N,0,N,0,0,N,0
1254209,11358503,112,,,0,0,2022-05-01,2023-04-30,,,,,,GyeongGi-do,467,KR,37.28442,127.429489,,UN,,,0,0,3333489,0,365,USD,1,0,AIR,100,100,AIR,315,0,0,14721.0689,SQFT,0,,,0,,,,,,,,,,0,SQFT,,-999,H,0,-999,0,0,0,0,0,0,0,0,0,0,0,0,0,0,0,0,0,0,0,0,0,0,0,0,0,0,0,,0,0,0,0,0,0,0,0,0,0,0,0,0,0,0,0,0,0,0,0,0,0,0,0,0,0,0,0,0,0,-999,,-999,,-999,,0,0,0,0,0,,0,0,0,0,0,0,0,SU,C,0,0,0,0,1,1,C,0,0,0,0,N,0,N,0,0,N,0
1254209,11358504,113,,,0,0,2022-05-01,2023-04-30,,,,,,GyeongGi-do,451,KR,37.033743,126.930652,,UN,,,0,0,6624062,0,365,USD,1,0,AIR,100,100,AIR,327,0,0,0,SQFT,0,,,0,,,,,,,,,,0,SQFT,,-999,H,0,-999,0,0,0,0,0,0,0,0,0,0,0,0,0,0,0,0,0,0,0,0,0,0,0,0,0,0,0,,0,0,0,0,0,0,0,0,0,0,0,0,0,0,0,0,0,0,0,0,0,0,0,0,0,0,0,0,0,0,-999,,-999,,-999,,0,0,0,0,0,,0,0,0,0,0,0,0,SW,C,0,0,0,0,1,1,C,0,0,0,0,N,0,N,0,0,N,0
1254209,11358505,114,,,0,0,2022-05-01,2023-04-30,,,,,,GyeongGi-do,447,KR,37.21331,127.094727,,UN,,,0,0,5045722,0,365,USD,1,0,AIR,100,100,AIR,315,0,0,0,SQFT,0,,,0,,,,,,,,,,0,SQFT,,-999,H,0,-999,0,0,0,0,0,0,0,0,0,0,0,0,0,0,0,0,0,0,0,0,0,0,0,0,0,0,0,,0,0,0,0,0,0,0,0,0,0,0,0,0,0,0,0,0,0,0,0,0,0,0,0,0,0,0,0,0,0,-999,,-999,,-999,,0,0,0,0,0,,0,0,0,0,0,0,0,TC,C,0,0,0,0,1,1,C,0,0,0,0,N,0,N,0,0,N,0
1254209,11358506,115,,,0,0,2022-05-01,2023-04-30,,,,,,GyeongGi-do,426,KR,37.23894,126.88228,,UN,,,0,0,1451128,0,365,USD,1,0,AIR,100,100,AIR,315,0,0,11633.7786,SQFT,0,,,0,,,,,,,,,,0,SQFT,,-999,H,0,-999,0,0,0,0,0,0,0,0,0,0,0,0,0,0,0,0,0,0,0,0,0,0,0,0,0,0,0,,0,0,0,0,0,0,0,0,0,0,0,0,0,0,0,0,0,0,0,0,0,0,0,0,0,0,0,0,0,0,-999,,-999,,-999,,0,0,0,0,0,,0,0,0,0,0,0,0,TD,C,0,0,0,0,1,1,C,0,0,0,0,N,0,N,0,0,N,0
1254209,11358507,116,,,0,0,2022-05-01,2023-04-30,,,,,,GyeongGi-do,445,KR,37.199268,126.985329,,UN,,,0,0,957708,0,365,USD,1,0,AIR,100,100,AIR,315,0,0,0,SQFT,0,,,0,,,,,,,,,,0,SQFT,,-999,H,0,-999,0,0,0,0,0,0,0,0,0,0,0,0,0,0,0,0,0,0,0,0,0,0,0,0,0,0,0,,0,0,0,0,0,0,0,0,0,0,0,0,0,0,0,0,0,0,0,0,0,0,0,0,0,0,0,0,0,0,-999,,-999,,-999,,0,0,0,0,0,,0,0,0,0,0,0,0,TR,C,0,0,0,0,1,1,C,0,0,0,0,N,0,N,0,0,N,0
1254209,11358508,117,,,0,0,2022-05-01,2023-04-30,,,,,,GyeongGi-do,404,KR,37.480901,126.675951,,UN,,,0,0,0,28500000,365,USD,1,0,AIR,100,100,AIR,327,0,0,0,SQFT,0,,,0,,,,,,,,,,0,SQFT,,-999,H,0,-999,0,0,0,0,0,0,0,0,0,0,0,0,0,0,0,0,0,0,0,0,0,0,0,0,0,0,0,,0,0,0,0,0,0,0,0,0,0,0,0,0,0,0,0,0,0,0,0,0,0,0,0,0,0,0,0,0,0,-999,,-999,,-999,,0,0,0,0,0,,0,0,0,0,0,0,0,TS,C,0,0,0,0,1,1,C,0,0,0,0,N,0,N,0,0,N,0
1254209,11358509,118,,,0,0,2022-05-01,2023-04-30,,,,,,GyeongGi-do,406,KR,37.374853,126.644578,,UN,,,0,0,811698,59600000,365,USD,1,0,AIR,100,100,AIR,327,0,0,0,SQFT,0,,,0,,,,,,,,,,0,SQFT,,-999,H,0,-999,0,0,0,0,0,0,0,0,0,0,0,0,0,0,0,0,0,0,0,0,0,0,0,0,0,0,0,,0,0,0,0,0,0,0,0,0,0,0,0,0,0,0,0,0,0,0,0,0,0,0,0,0,0,0,0,0,0,-999,,-999,,-999,,0,0,0,0,0,,0,0,0,0,0,0,0,WF,C,0,0,0,0,1,1,C,0,0,0,0,N,0,N,0,0,N,0
1254209,11358510,119,,,0,0,2022-05-01,2023-04-30,,,,,,Jeollanam-do,534,KR,35.03716,126.35163,,UN,,,0,0,1002653,0,365,USD,1,0,AIR,100,100,AIR,313,0,0,0,SQFT,0,,,0,,,,,,,,,,0,SQFT,,-999,H,0,-999,0,0,0,0,0,0,0,0,0,0,0,0,0,0,0,0,0,0,0,0,0,0,0,0,0,0,0,,0,0,0,0,0,0,0,0,0,0,0,0,0,0,0,0,0,0,0,0,0,0,0,0,0,0,0,0,0,0,-999,,-999,,-999,,0,0,0,0,0,,0,0,0,0,0,0,0,WS,C,0,0,0,0,1,1,C,0,0,0,0,N,0,N,0,0,N,0
1254209,11358403,12,,,0,0,2022-05-01,2023-04-30,,,,Kunming - Shilin Yi Zizhixian,Yunnan,,,CN,24.759212,103.2255,,UN,,,0,0,235587,0,365,USD,1,0,AIR,100,100,AIR,315,0,0,3691.1568,SQFT,0,,,0,,,,,,,Kunming - Shilin Yi Zizhixian,,,0,SQFT,,-999,H,0,-999,0,0,0,0,0,0,0,0,0,0,0,0,0,0,0,0,0,0,0,0,0,0,0,0,0,0,0,,0,0,0,0,0,0,0,0,0,0,0,0,0,0,0,0,0,0,0,0,0,0,0,0,0,0,0,0,0,0,-999,,-999,,-999,,0,0,0,0,0,,0,0,0,0,0,0,0,"HL, ST, SW, TC, TD, WS",C,0,0,0,0,1,1,C,0,0,0,0,N,0,N,0,0,N,0
1254209,11358511,120,,,0,0,2022-05-01,2023-04-30,,,,,,GyeongGi-do,413,KR,37.721841,126.72235,,UN,,,0,0,303573,0,365,USD,1,0,AIR,100,100,AIR,315,0,0,3461.7577,SQFT,0,,,0,,,,,,,,,,0,SQFT,,-999,H,0,-999,0,0,0,0,0,0,0,0,0,0,0,0,0,0,0,0,0,0,0,0,0,0,0,0,0,0,0,,0,0,0,0,0,0,0,0,0,0,0,0,0,0,0,0,0,0,0,0,0,0,0,0,0,0,0,0,0,0,-999,,-999,,-999,,0,0,0,0,0,,0,0,0,0,0,0,0,"HL, ST, SW, TC, TD, WS",C,0,0,0,0,1,1,C,0,0,0,0,N,0,N,0,0,N,0
1254209,11358512,121,,,0,0,2022-05-01,2023-04-30,,,,,,GyeongGi-do,450,KR,37.03909,127.072212,,UN,,,5026113,0,5529768,0,365,USD,1,0,AIR,100,100,AIR,315,0,0,60045.9464,SQFT,0,,,0,,,,,,,,,,0,SQFT,,-999,H,0,-999,0,0,0,0,0,0,0,0,0,0,0,0,0,0,0,0,0,0,0,0,0,0,0,0,0,0,0,,0,0,0,0,0,0,0,0,0,0,0,0,0,0,0,0,0,0,0,0,0,0,0,0,0,0,0,0,0,0,-999,,-999,,-999,,0,0,0,0,0,,0,0,0,0,0,0,0,"HL, ST, SW, TC, TD, WS",C,0,0,0,0,1,1,C,0,0,0,0,N,0,N,0,0,N,0
1254209,11358513,122,,,0,0,2022-05-01,2023-04-30,,,,,,GyeongGi-do,451,KR,37.034213,126.941794,,UN,,,0,0,9485880,0,365,USD,1,0,AIR,100,100,AIR,315,0,0,0,SQFT,0,,,0,,,,,,,,,,0,SQFT,,-999,H,0,-999,0,0,0,0,0,0,0,0,0,0,0,0,0,0,0,0,0,0,0,0,0,0,0,0,0,0,0,,0,0,0,0,0,0,0,0,0,0,0,0,0,0,0,0,0,0,0,0,0,0,0,0,0,0,0,0,0,0,-999,,-999,,-999,,0,0,0,0,0,,0,0,0,0,0,0,0,"HL, ST, SW, TC, TD, WS",C,0,0,0,0,1,1,C,0,0,0,0,N,0,N,0,0,N,0
1254209,11358514,123,,,0,0,2022-05-01,2023-04-30,,,,,,GyeongGi-do,450,KR,36.99073,127.08236,,UN,,,0,0,0,7900000,365,USD,1,0,AIR,100,100,AIR,327,0,0,0,SQFT,0,,,0,,,,,,,,,,0,SQFT,,-999,H,0,-999,0,0,0,0,0,0,0,0,0,0,0,0,0,0,0,0,0,0,0,0,0,0,0,0,0,0,0,,0,0,0,0,0,0,0,0,0,0,0,0,0,0,0,0,0,0,0,0,0,0,0,0,0,0,0,0,0,0,-999,,-999,,-999,,0,0,0,0,0,,0,0,0,0,0,0,0,"HL, ST, SW, TC, TD, WS",C,0,0,0,0,1,1,C,0,0,0,0,N,0,N,0,0,N,0
1254209,11358515,124,,,0,0,2022-05-01,2023-04-30,,,,,,GyeongGi-do,446,KR,37.29103,127.09969,,UN,,,0,0,48099720,0,365,USD,1,0,AIR,100,100,AIR,313,0,0,0,SQFT,0,,,0,,,,,,,,,,0,SQFT,,-999,H,0,-999,0,0,0,0,0,0,0,0,0,0,0,0,0,0,0,0,0,0,0,0,0,0,0,0,0,0,0,,0,0,0,0,0,0,0,0,0,0,0,0,0,0,0,0,0,0,0,0,0,0,0,0,0,0,0,0,0,0,-999,,-999,,-999,,0,0,0,0,0,,0,0,0,0,0,0,0,"HL, ST, SW, TC, TD, WS",C,0,0,0,0,1,1,C,0,0,0,0,N,0,N,0,0,N,0
1254209,11358516,125,,,0,0,2022-05-01,2023-04-30,,,,,,Hsinchu,300,TW,24.780339,121.001506,,UN,,,316116,0,17299650,0,365,USD,1,0,AIR,100,100,AIR,318,0,0,0,SQFT,0,,,0,,,,,,,,,,0,SQFT,,-999,H,0,-999,0,0,0,0,0,0,0,0,0,0,0,0,0,0,0,0,0,0,0,0,0,0,0,0,0,0,0,,0,0,0,0,0,0,0,0,0,0,0,0,0,0,0,0,0,0,0,0,0,0,0,0,0,0,0,0,0,0,-999,,-999,,-999,,0,0,0,0,0,,0,0,0,0,0,0,0,"HL, ST, SW, TC, TD, WS",C,0,0,0,0,1,1,C,0,0,0,0,N,0,N,0,0,N,0
1254209,11358517,126,,,0,0,2022-05-01,2023-04-30,,,,,,Hsinchu,300,TW,24.78082,121.001639,,UN,,,10299431,0,5112107,0,365,USD,1,0,AIR,100,100,AIR,315,0,0,107308.5962,SQFT,0,,,0,,,,,,,,,,0,SQFT,,-999,H,0,-999,0,0,0,0,0,0,0,0,0,0,0,0,0,0,0,0,0,0,0,0,0,0,0,0,0,0,0,,0,0,0,0,0,0,0,0,0,0,0,0,0,0,0,0,0,0,0,0,0,0,0,0,0,0,0,0,0,0,-999,,-999,,-999,,0,0,0,0,0,,0,0,0,0,0,0,0,"HL, ST, SW, TC, TD, WS",C,0,0,0,0,1,1,C,0,0,0,0,N,0,N,0,0,N,0
1254209,11358518,127,,,0,0,2022-05-01,2023-04-30,,,,,,Hsinchu,300,TW,24.780595,120.997244,,UN,,,0,0,2571120,0,365,USD,1,0,AIR,100,100,AIR,323,0,0,0,SQFT,0,,,0,,,,,,,,,,0,SQFT,,-999,H,0,-999,0,0,0,0,0,0,0,0,0,0,0,0,0,0,0,0,0,0,0,0,0,0,0,0,0,0,0,,0,0,0,0,0,0,0,0,0,0,0,0,0,0,0,0,0,0,0,0,0,0,0,0,0,0,0,0,0,0,-999,,-999,,-999,,0,0,0,0,0,,0,0,0,0,0,0,0,"HL, ST, SW, TC, TD, WS",C,0,0,0,0,1,1,C,0,0,0,0,N,0,N,0,0,N,0
1254209,11358519,128,,,0,0,2022-05-01,2023-04-30,,,,,,Hsinchu,300,TW,24.775079,121.010309,,UN,,,0,0,88411,0,365,USD,1,0,AIR,100,100,AIR,323,0,0,0,SQFT,0,,,0,,,,,,,,,,0,SQFT,,-999,H,0,-999,0,0,0,0,0,0,0,0,0,0,0,0,0,0,0,0,0,0,0,0,0,0,0,0,0,0,0,,0,0,0,0,0,0,0,0,0,0,0,0,0,0,0,0,0,0,0,0,0,0,0,0,0,0,0,0,0,0,-999,,-999,,-999,,0,0,0,0,0,,0,0,0,0,0,0,0,"HL, ST, SW, TC, TD, WS",C,0,0,0,0,1,1,C,0,0,0,0,N,0,N,0,0,N,0
1254209,11358520,129,,,0,0,2022-05-01,2023-04-30,,,,,,Kaohsiung Pingtung,814,TW,22.7012,120.325779,,UN,,,0,0,99338,0,365,USD,1,0,AIR,100,100,AIR,313,0,0,0,SQFT,0,,,0,,,,,,,,,,0,SQFT,,-999,H,0,-999,0,0,0,0,0,0,0,0,0,0,0,0,0,0,0,0,0,0,0,0,0,0,0,0,0,0,0,,0,0,0,0,0,0,0,0,0,0,0,0,0,0,0,0,0,0,0,0,0,0,0,0,0,0,0,0,0,0,-999,,-999,,-999,,0,0,0,0,0,,0,0,0,0,0,0,0,"HL, ST, SW, TC, TD, WS",C,0,0,0,0,1,1,C,0,0,0,0,N,0,N,0,0,N,0
1254209,11358404,13,,,0,0,2022-05-01,2023-04-30,,,,Nanjing - Qixia Qu,Jiangsu,,,CN,32.108707,118.96286,,UN,,,0,0,110478,0,365,USD,1,0,AIR,100,100,AIR,315,0,0,1472.6484,SQFT,0,,,0,,,,,,,Nanjing - Qixia Qu,,,0,SQFT,,-999,H,0,-999,0,0,0,0,0,0,0,0,0,0,0,0,0,0,0,0,0,0,0,0,0,0,0,0,0,0,0,,0,0,0,0,0,0,0,0,0,0,0,0,0,0,0,0,0,0,0,0,0,0,0,0,0,0,0,0,0,0,-999,,-999,,-999,,0,0,0,0,0,,0,0,0,0,0,0,0,"HL, ST, SW, TC, TD, WS",C,0,0,0,0,1,1,C,0,0,0,0,N,0,N,0,0,N,0
1254209,11358521,130,,,0,0,2022-05-01,2023-04-30,,,,,,Taoyuan,333,TW,25.055689,121.361299,,UN,,,0,0,1234484,0,365,USD,1,0,AIR,100,100,AIR,318,0,0,0,SQFT,0,,,0,,,,,,,,,,0,SQFT,,-999,H,0,-999,0,0,0,0,0,0,0,0,0,0,0,0,0,0,0,0,0,0,0,0,0,0,0,0,0,0,0,,0,0,0,0,0,0,0,0,0,0,0,0,0,0,0,0,0,0,0,0,0,0,0,0,0,0,0,0,0,0,-999,,-999,,-999,,0,0,0,0,0,,0,0,0,0,0,0,0,"HL, ST, SW, TC, TD, WS",C,0,0,0,0,1,1,C,0,0,0,0,N,0,N,0,0,N,0
1254209,11358522,131,,,0,0,2022-05-01,2023-04-30,,,,,,Taoyuan,333,TW,25.055689,121.361299,,UN,,,27745,0,1027394,0,365,USD,1,0,AIR,100,100,AIR,315,0,0,10651.9059,SQFT,0,,,0,,,,,,,,,,0,SQFT,,-999,H,0,-999,0,0,0,0,0,0,0,0,0,0,0,0,0,0,0,0,0,0,0,0,0,0,0,0,0,0,0,,0,0,0,0,0,0,0,0,0,0,0,0,0,0,0,0,0,0,0,0,0,0,0,0,0,0,0,0,0,0,-999,,-999,,-999,,0,0,0,0,0,,0,0,0,0,0,0,0,"HL, ST, SW, TC, TD, WS",C,0,0,0,0,1,1,C,0,0,0,0,N,0,N,0,0,N,0
1254209,11358523,132,,,0,0,2022-05-01,2023-04-30,,,,,,Taichung,428,TW,24.224969,120.629899,,UN,,,0,0,1558616,0,365,USD,1,0,AIR,100,100,AIR,315,0,0,19327.404,SQFT,0,,,0,,,,,,,,,,0,SQFT,,-999,H,0,-999,0,0,0,0,0,0,0,0,0,0,0,0,0,0,0,0,0,0,0,0,0,0,0,0,0,0,0,,0,0,0,0,0,0,0,0,0,0,0,0,0,0,0,0,0,0,0,0,0,0,0,0,0,0,0,0,0,0,-999,,-999,,-999,,0,0,0,0,0,,0,0,0,0,0,0,0,"HL, ST, SW, TC, TD, WS",C,0,0,0,0,1,1,C,0,0,0,0,N,0,N,0,0,N,0
1254209,11358524,133,,,0,0,2022-05-01,2023-04-30,,,,,,Taichung,421,TW,24.315292,120.730042,,UN,,,0,0,486872,0,365,USD,1,0,AIR,100,100,AIR,313,0,0,0,SQFT,0,,,0,,,,,,,,,,0,SQFT,,-999,H,0,-999,0,0,0,0,0,0,0,0,0,0,0,0,0,0,0,0,0,0,0,0,0,0,0,0,0,0,0,,0,0,0,0,0,0,0,0,0,0,0,0,0,0,0,0,0,0,0,0,0,0,0,0,0,0,0,0,0,0,-999,,-999,,-999,,0,0,0,0,0,,0,0,0,0,0,0,0,"HL, ST, SW, TC, TD, WS",C,0,0,0,0,1,1,C,0,0,0,0,N,0,N,0,0,N,0
1254209,11358525,134,,,0,0,2022-05-01,2023-04-30,,,,,,Chiai Tainan Penghu Islands,741,TW,23.12496,120.26218,,UN,,,123885891,0,80706952,590000000,365,USD,1,0,AIR,100,100,AIR,456,0,0,0,SQFT,0,,,0,,,,,,,,,,0,SQFT,,-999,H,0,-999,0,0,0,0,0,0,0,0,0,0,0,0,0,0,0,0,0,0,0,0,0,0,0,0,0,0,0,,0,0,0,0,0,0,0,0,0,0,0,0,0,0,0,0,0,0,0,0,0,0,0,0,0,0,0,0,0,0,-999,,-999,,-999,,0,0,0,0,0,,0,0,0,0,0,0,0,"HL, ST, SW, TC, TD, WS",C,0,0,0,0,1,1,C,0,0,0,0,N,0,N,0,0,N,0
1254209,11358526,135,,,0,0,2022-05-01,2023-04-30,,,,,,Chiai Tainan Penghu Islands,741,TW,23.10952,120.27952,,UN,,,20177381,0,13396900,125900000,365,USD,1,0,AIR,100,100,AIR,456,0,0,41593.2468,SQFT,0,,,0,,,,,,,,,,0,SQFT,,-999,H,0,-999,0,0,0,0,0,0,0,0,0,0,0,0,0,0,0,0,0,0,0,0,0,0,0,0,0,0,0,,0,0,0,0,0,0,0,0,0,0,0,0,0,0,0,0,0,0,0,0,0,0,0,0,0,0,0,0,0,0,-999,,-999,,-999,,0,0,0,0,0,,0,0,0,0,0,0,0,"HL, ST, SW, TC, TD, WS",C,0,0,0,0,1,1,C,0,0,0,0,N,0,N,0,0,N,0
1254209,11358527,136,,,0,0,2022-05-01,2023-04-30,,,,,,Chiai Tainan Penghu Islands,741,TW,23.111128,120.27713,,UN,,,17213302,0,3880526,0,365,USD,1,0,AIR,100,100,AIR,315,0,0,112934.0078,SQFT,0,,,0,,,,,,,,,,0,SQFT,,-999,H,0,-999,0,0,0,0,0,0,0,0,0,0,0,0,0,0,0,0,0,0,0,0,0,0,0,0,0,0,0,,0,0,0,0,0,0,0,0,0,0,0,0,0,0,0,0,0,0,0,0,0,0,0,0,0,0,0,0,0,0,-999,,-999,,-999,,0,0,0,0,0,,0,0,0,0,0,0,0,"HL, ST, SW, TC, TD, WS",C,0,0,0,0,1,1,C,0,0,0,0,N,0,N,0,0,N,0
1254209,11358528,137,,,0,0,2022-05-01,2023-04-30,,,,,,Chiai Tainan Penghu Islands,741,TW,23.111128,120.27713,,UN,,,7762162,0,6066681,0,365,USD,1,0,AIR,100,100,AIR,313,0,0,29351.2787,SQFT,0,,,0,,,,,,,,,,0,SQFT,,-999,H,0,-999,0,0,0,0,0,0,0,0,0,0,0,0,0,0,0,0,0,0,0,0,0,0,0,0,0,0,0,,0,0,0,0,0,0,0,0,0,0,0,0,0,0,0,0,0,0,0,0,0,0,0,0,0,0,0,0,0,0,-999,,-999,,-999,,0,0,0,0,0,,0,0,0,0,0,0,0,"HL, ST, SW, TC, TD, WS",C,0,0,0,0,1,1,C,0,0,0,0,N,0,N,0,0,N,0
1254209,11358529,138,,,0,0,2022-05-01,2023-04-30,,,,,,Chiai Tainan Penghu Islands,741,TW,23.101962,120.26578,,UN,,,0,0,16270332,0,365,USD,1,0,AIR,100,100,AIR,313,0,0,0,SQFT,0,,,0,,,,,,,,,,0,SQFT,,-999,H,0,-999,0,0,0,0,0,0,0,0,0,0,0,0,0,0,0,0,0,0,0,0,0,0,0,0,0,0,0,,0,0,0,0,0,0,0,0,0,0,0,0,0,0,0,0,0,0,0,0,0,0,0,0,0,0,0,0,0,0,-999,,-999,,-999,,0,0,0,0,0,,0,0,0,0,0,0,0,"HL, ST, SW, TC, TD, WS",C,0,0,0,0,1,1,C,0,0,0,0,N,0,N,0,0,N,0
1254209,11358530,139,,,0,0,2022-05-01,2023-04-30,,,,,,Taoyuan,338,TW,25.0527,121.27627,,UN,,,0,0,311153131,0,365,USD,1,0,AIR,100,100,AIR,313,0,0,0,SQFT,0,,,0,,,,,,,,,,0,SQFT,,-999,H,0,-999,0,0,0,0,0,0,0,0,0,0,0,0,0,0,0,0,0,0,0,0,0,0,0,0,0,0,0,,0,0,0,0,0,0,0,0,0,0,0,0,0,0,0,0,0,0,0,0,0,0,0,0,0,0,0,0,0,0,-999,,-999,,-999,,0,0,0,0,0,,0,0,0,0,0,0,0,"HL, ST, SW, TC, TD, WS",C,0,0,0,0,1,1,C,0,0,0,0,N,0,N,0,0,N,0
1254209,11358405,14,,,0,0,2022-05-01,2023-04-30,,,,Shanghai - Jinshan Qu,Shanghai,,,CN,30.869814,121.32217,,UN,,,0,0,0,13100000,365,USD,1,0,AIR,100,100,AIR,456,0,0,0,SQFT,0,,,0,,,,,,,Shanghai - Jinshan Qu,,,0,SQFT,,-999,H,0,-999,0,0,0,0,0,0,0,0,0,0,0,0,0,0,0,0,0,0,0,0,0,0,0,0,0,0,0,,0,0,0,0,0,0,0,0,0,0,0,0,0,0,0,0,0,0,0,0,0,0,0,0,0,0,0,0,0,0,-999,,-999,,-999,,0,0,0,0,0,,0,0,0,0,0,0,0,"HL, ST, SW, TC, TD, WS",C,0,0,0,0,1,1,C,0,0,0,0,N,0,N,0,0,N,0
1254209,11358531,140,,,0,0,2022-05-01,2023-04-30,,,,,,Taoyuan,326,TW,24.937262,121.141655,,UN,,,0,0,166494,0,365,USD,1,0,AIR,100,100,AIR,313,0,0,0,SQFT,0,,,0,,,,,,,,,,0,SQFT,,-999,H,0,-999,0,0,0,0,0,0,0,0,0,0,0,0,0,0,0,0,0,0,0,0,0,0,0,0,0,0,0,,0,0,0,0,0,0,0,0,0,0,0,0,0,0,0,0,0,0,0,0,0,0,0,0,0,0,0,0,0,0,-999,,-999,,-999,,0,0,0,0,0,,0,0,0,0,0,0,0,"HL, ST, SW, TC, TD, WS",C,0,0,0,0,1,1,C,0,0,0,0,N,0,N,0,0,N,0
1254209,11358532,141,,,0,0,2022-05-01,2023-04-30,,,,,,Hsinchu,302,TW,24.84242,121.01757,,UN,,,0,0,0,3000000,365,USD,1,0,AIR,100,100,AIR,323,0,0,0,SQFT,0,,,0,,,,,,,,,,0,SQFT,,-999,H,0,-999,0,0,0,0,0,0,0,0,0,0,0,0,0,0,0,0,0,0,0,0,0,0,0,0,0,0,0,,0,0,0,0,0,0,0,0,0,0,0,0,0,0,0,0,0,0,0,0,0,0,0,0,0,0,0,0,0,0,-999,,-999,,-999,,0,0,0,0,0,,0,0,0,0,0,0,0,"HL, ST, SW, TC, TD, WS",C,0,0,0,0,1,1,C,0,0,0,0,N,0,N,0,0,N,0
1254209,11358533,142,,,0,0,2022-05-01,2023-04-30,,,,RG2 6,Reading,,RG2 6UB,GB,51.42468,-0.98652,,UN,USER,,0,0,128487,0,365,USD,1,0,AIR,100,100,AIR,315,0,0,1229.6195,SQFT,0,,,0,,,,,,,RG2 6,,,0,SQFT,,-999,H,0,-999,0,0,0,0,0,0,0,0,0,0,0,0,0,0,0,0,0,0,0,0,0,0,0,0,0,0,0,,0,0,0,0,0,0,0,0,0,0,0,0,0,0,0,0,0,0,0,0,0,0,0,0,0,0,0,0,0,0,-999,,-999,,-999,,0,0,0,0,0,,0,0,0,0,0,0,0,"HL, ST, SW, TC, TD, WS",C,0,0,0,0,1,1,C,0,0,0,0,N,0,N,0,0,N,0
1254209,11358534,143,,,0,0,2022-05-01,2023-04-30,FULLER ROAD CAMPUS,ALBANY,,Albany,New York,,12203,US,42.691151,-73.833755,,UN,USER,,0,0,34618013,0,365,USD,1,0,AIR,100,100,AIR,456,0,0,0,SQFT,0,,,0,,,,,,,Albany,,,0,SQFT,,-999,H,0,-999,0,0,0,0,0,0,0,0,0,0,0,0,0,0,0,0,0,0,0,0,0,0,0,0,0,0,0,,0,0,0,0,0,0,0,0,0,0,0,0,0,0,0,0,0,0,0,0,0,0,0,0,0,0,0,0,0,0,-999,,-999,,-999,,0,0,0,0,0,,0,0,0,0,0,0,0,"HL, ST, SW, TC, TD, WS",C,0,0,0,0,1,1,C,0,0,0,0,N,0,N,0,0,N,0
1254209,11358535,144,,,0,0,2022-05-01,2023-04-30,FULLER ROAD CAMPUS,ALBANY,,Albany,New York,,12203,US,42.691151,-73.833755,,UN,USER,,0,0,15000000,0,365,USD,1,0,AIR,100,100,AIR,456,0,0,0,SQFT,0,,,0,,,,,,,Albany,,,0,SQFT,,-999,H,0,-999,0,0,0,0,0,0,0,0,0,0,0,0,0,0,0,0,0,0,0,0,0,0,0,0,0,0,0,,0,0,0,0,0,0,0,0,0,0,0,0,0,0,0,0,0,0,0,0,0,0,0,0,0,0,0,0,0,0,-999,,-999,,-999,,0,0,0,0,0,,0,0,0,0,0,0,0,"HL, ST, SW, TC, TD, WS",C,0,0,0,0,1,1,C,0,0,0,0,N,0,N,0,0,N,0
1254209,11358536,145,,,0,0,2022-05-01,2023-04-30,255 257 FULLER RD,ALBANY,,Albany,New York,,12203,US,42.690495,-73.830791,,UN,USER,,59208,0,4879575,0,365,USD,1,0,AIR,100,100,AIR,315,0,0,2576.2297,SQFT,0,,,0,,,,,,,Albany,,,0,SQFT,,-999,H,0,-999,0,0,0,0,0,0,0,0,0,0,0,0,0,0,0,0,0,0,0,0,0,0,0,0,0,0,0,,0,0,0,0,0,0,0,0,0,0,0,0,0,0,0,0,0,0,0,0,0,0,0,0,0,0,0,0,0,0,-999,,-999,,-999,,0,0,0,0,0,,0,0,0,0,0,0,0,"HL, ST, SW, TC, TD, WS",C,0,0,0,0,1,1,C,0,0,0,0,N,0,N,0,0,N,0
1254209,11358537,146,,,0,0,2022-05-01,2023-04-30,10801 GILES RD,AUSTIN,,Travis,Texas,,78754,US,30.339393,-97.61385,,UN,USER,,80357851,0,129614084,3216400000,365,USD,1,0,AIR,100,100,AIR,456,0,0,344904.8614,SQFT,0,,,0,,,,,,,Travis,,,0,SQFT,,-999,H,0,-999,0,0,0,0,0,0,0,0,0,0,0,0,0,0,0,0,0,0,0,0,0,0,0,0,0,0,0,,0,0,0,0,0,0,0,0,0,0,0,0,0,0,0,0,0,0,0,0,0,0,0,0,0,0,0,0,0,0,-999,,-999,,-999,,0,0,0,0,0,,0,0,0,0,0,0,0,"HL, ST, SW, TC, TD, WS",C,0,0,0,0,1,1,C,0,0,0,0,N,0,N,0,0,N,0
1254209,11358538,147,,,0,0,2022-05-01,2023-04-30,9700 US 290E,AUSTIN,,Travis,Texas,,78754,US,30.334965,-97.614345,,UN,USER,,71090002,0,45707099,883115000,365,USD,1,0,AIR,100,100,AIR,456,0,0,374757.1564,SQFT,0,,,0,,,,,,,Travis,,,0,SQFT,,-999,H,0,-999,0,0,0,0,0,0,0,0,0,0,0,0,0,0,0,0,0,0,0,0,0,0,0,0,0,0,0,,0,0,0,0,0,0,0,0,0,0,0,0,0,0,0,0,0,0,0,0,0,0,0,0,0,0,0,0,0,0,-999,,-999,,-999,,0,0,0,0,0,,0,0,0,0,0,0,0,"HL, ST, SW, TC, TD, WS",C,0,0,0,0,1,1,C,0,0,0,0,N,0,N,0,0,N,0
1254209,11358539,148,,,0,0,2022-05-01,2023-04-30,9700 US 290E,AUSTIN,,Travis,Texas,,78754,US,30.335433,-97.616201,,UN,USER,,44849393,0,16277057,892800000,365,USD,1,0,AIR,100,100,AIR,456,0,0,198810.5495,SQFT,0,,,0,,,,,,,Travis,,,0,SQFT,,-999,H,0,-999,0,0,0,0,0,0,0,0,0,0,0,0,0,0,0,0,0,0,0,0,0,0,0,0,0,0,0,,0,0,0,0,0,0,0,0,0,0,0,0,0,0,0,0,0,0,0,0,0,0,0,0,0,0,0,0,0,0,-999,,-999,,-999,,0,0,0,0,0,,0,0,0,0,0,0,0,"HL, ST, SW, TC, TD, WS",C,0,0,0,0,1,1,C,0,0,0,0,N,0,N,0,0,N,0
1254209,11358540,149,,,0,0,2022-05-01,2023-04-30,9700 US 290E,AUSTIN,,Travis,Texas,,78754,US,30.337378,-97.617714,,UN,USER,,35389301,0,15046171,450200000,365,USD,1,0,AIR,100,100,AIR,456,0,0,180565.188,SQFT,0,,,0,,,,,,,Travis,,,0,SQFT,,-999,H,0,-999,0,0,0,0,0,0,0,0,0,0,0,0,0,0,0,0,0,0,0,0,0,0,0,0,0,0,0,,0,0,0,0,0,0,0,0,0,0,0,0,0,0,0,0,0,0,0,0,0,0,0,0,0,0,0,0,0,0,-999,,-999,,-999,,0,0,0,0,0,,0,0,0,0,0,0,0,"HL, ST, SW, TC, TD, WS",C,0,0,0,0,1,1,C,0,0,0,0,N,0,N,0,0,N,0
1254209,11358406,15,,,0,0,2022-05-01,2023-04-30,,,,Shanghai - Pudong Xinqu,Shanghai,,,CN,31.216642,121.62899,,UN,,,52700,0,5403323,0,365,USD,1,0,AIR,100,100,AIR,315,0,0,0,SQFT,0,,,0,,,,,,,Shanghai - Pudong Xinqu,,,0,SQFT,,-999,H,0,-999,0,0,0,0,0,0,0,0,0,0,0,0,0,0,0,0,0,0,0,0,0,0,0,0,0,0,0,,0,0,0,0,0,0,0,0,0,0,0,0,0,0,0,0,0,0,0,0,0,0,0,0,0,0,0,0,0,0,-999,,-999,,-999,,0,0,0,0,0,,0,0,0,0,0,0,0,"HL, ST, SW, TC, TD, WS",C,0,0,0,0,1,1,C,0,0,0,0,N,0,N,0,0,N,0
1254209,11358541,150,,,0,0,2022-05-01,2023-04-30,9700 US 290E,AUSTIN,,Travis,Texas,,78754,US,30.334803,-97.61894,,UN,USER,,84000000,0,185779165,0,365,USD,1,0,AIR,100,100,AIR,313,0,0,723500,SQFT,0,,,0,,,,,,,Travis,,,0,SQFT,,-999,H,0,-999,0,0,0,0,0,0,0,0,0,0,0,0,0,0,0,0,0,0,0,0,0,0,0,0,0,0,0,,0,0,0,0,0,0,0,0,0,0,0,0,0,0,0,0,0,0,0,0,0,0,0,0,0,0,0,0,0,0,-999,,-999,,-999,,0,0,0,0,0,,0,0,0,0,0,0,0,"HL, ST, SW, TC, TD, WS",C,0,0,0,0,1,1,C,0,0,0,0,N,0,N,0,0,N,0
1254209,11358542,151,,,0,0,2022-05-01,2023-04-30,9700 US 290E,AUSTIN,,Travis,Texas,,78754,US,30.341347,-97.614558,,UN,USER,,41646241,0,149800184,0,365,USD,1,0,AIR,100,100,AIR,313,0,0,244666.2036,SQFT,0,,,0,,,,,,,Travis,,,0,SQFT,,-999,H,0,-999,0,0,0,0,0,0,0,0,0,0,0,0,0,0,0,0,0,0,0,0,0,0,0,0,0,0,0,,0,0,0,0,0,0,0,0,0,0,0,0,0,0,0,0,0,0,0,0,0,0,0,0,0,0,0,0,0,0,-999,,-999,,-999,,0,0,0,0,0,,0,0,0,0,0,0,0,"HL, ST, SW, TC, TD, WS",C,0,0,0,0,1,1,C,0,0,0,0,N,0,N,0,0,N,0
1254209,11358543,152,,,0,0,2022-05-01,2023-04-30,9700 US 290E,AUSTIN,,Travis,Texas,,78754,US,30.336313,-97.617349,,UN,USER,,35783903,0,27135537,105000000,365,USD,1,0,AIR,100,100,AIR,456,0,0,169430.0877,SQFT,0,,,0,,,,,,,Travis,,,0,SQFT,,-999,H,0,-999,0,0,0,0,0,0,0,0,0,0,0,0,0,0,0,0,0,0,0,0,0,0,0,0,0,0,0,,0,0,0,0,0,0,0,0,0,0,0,0,0,0,0,0,0,0,0,0,0,0,0,0,0,0,0,0,0,0,-999,,-999,,-999,,0,0,0,0,0,,0,0,0,0,0,0,0,"HL, ST, SW, TC, TD, WS",C,0,0,0,0,1,1,C,0,0,0,0,N,0,N,0,0,N,0
1254209,11358544,153,,,0,0,2022-05-01,2023-04-30,10000 SPECTRUM,AUSTIN,,Williamson,Texas,,78717,US,30.481878,-97.779006,,UN,USER,,30845654,0,87227136,0,365,USD,1,0,AIR,100,100,AIR,315,0,0,163734.5605,SQFT,0,,,0,,,,,,,Williamson,,,0,SQFT,,-999,H,0,-999,0,0,0,0,0,0,0,0,0,0,0,0,0,0,0,0,0,0,0,0,0,0,0,0,0,0,0,,0,0,0,0,0,0,0,0,0,0,0,0,0,0,0,0,0,0,0,0,0,0,0,0,0,0,0,0,0,0,-999,,-999,,-999,,0,0,0,0,0,,0,0,0,0,0,0,0,"HL, ST, SW, TC, TD, WS",C,0,0,0,0,1,1,C,0,0,0,0,N,0,N,0,0,N,0
1254209,11358545,154,,,0,0,2022-05-01,2023-04-30,905 W HOWARD LANE,AUSTIN,,Travis,Texas,,78753,US,30.41761,-97.66532,,UN,USER,,0,0,52336284,0,365,USD,1,0,AIR,100,100,AIR,313,0,0,0,SQFT,0,,,0,,,,,,,Travis,,,0,SQFT,,-999,H,0,-999,0,0,0,0,0,0,0,0,0,0,0,0,0,0,0,0,0,0,0,0,0,0,0,0,0,0,0,,0,0,0,0,0,0,0,0,0,0,0,0,0,0,0,0,0,0,0,0,0,0,0,0,0,0,0,0,0,0,-999,,-999,,-999,,0,0,0,0,0,,0,0,0,0,0,0,0,"HL, ST, SW, TC, TD, WS",C,0,0,0,0,1,1,C,0,0,0,0,N,0,N,0,0,N,0
1254209,11358546,155,,,0,0,2022-05-01,2023-04-30,810 W HOWARD LN,AUSTIN,,Travis,Texas,,78660,US,30.42378,-97.66241,,UN,USER,,0,0,49484273,0,365,USD,1,0,AIR,100,100,AIR,313,0,0,144597.6185,SQFT,0,,,0,,,,,,,Travis,,,0,SQFT,,-999,H,0,-999,0,0,0,0,0,0,0,0,0,0,0,0,0,0,0,0,0,0,0,0,0,0,0,0,0,0,0,,0,0,0,0,0,0,0,0,0,0,0,0,0,0,0,0,0,0,0,0,0,0,0,0,0,0,0,0,0,0,-999,,-999,,-999,,0,0,0,0,0,,0,0,0,0,0,0,0,"HL, ST, SW, TC, TD, WS",C,0,0,0,0,1,1,C,0,0,0,0,N,0,N,0,0,N,0
1254209,11358547,156,,,0,0,2022-05-01,2023-04-30,710 W HOWARD LANE,AUSTIN,,Travis,Texas,,78660,US,30.421236,-97.661857,,UN,USER,,0,0,16822162,0,365,USD,1,0,AIR,100,100,AIR,313,0,0,86389.4186,SQFT,0,,,0,,,,,,,Travis,,,0,SQFT,,-999,H,0,-999,0,0,0,0,0,0,0,0,0,0,0,0,0,0,0,0,0,0,0,0,0,0,0,0,0,0,0,,0,0,0,0,0,0,0,0,0,0,0,0,0,0,0,0,0,0,0,0,0,0,0,0,0,0,0,0,0,0,-999,,-999,,-999,,0,0,0,0,0,,0,0,0,0,0,0,0,"HL, ST, SW, TC, TD, WS",C,0,0,0,0,1,1,C,0,0,0,0,N,0,N,0,0,N,0
1254209,11358548,157,,,0,0,2022-05-01,2023-04-30,710 W HOWARD LANE,AUSTIN,,Travis,Texas,,78660,US,30.421494,-97.661688,,UN,USER,,0,0,0,1151000,365,USD,1,0,AIR,100,100,AIR,313,0,0,0,SQFT,0,,,0,,,,,,,Travis,,,0,SQFT,,-999,H,0,-999,0,0,0,0,0,0,0,0,0,0,0,0,0,0,0,0,0,0,0,0,0,0,0,0,0,0,0,,0,0,0,0,0,0,0,0,0,0,0,0,0,0,0,0,0,0,0,0,0,0,0,0,0,0,0,0,0,0,-999,,-999,,-999,,0,0,0,0,0,,0,0,0,0,0,0,0,"HL, ST, SW, TC, TD, WS",C,0,0,0,0,1,1,C,0,0,0,0,N,0,N,0,0,N,0
1254209,11358549,158,,,0,0,2022-05-01,2023-04-30,8000 S FEDERAL WAY,BOISE,,Ada,Idaho,,83716,US,43.529258,-116.146979,,UN,USER,,0,0,5279330,0,365,USD,1,0,AIR,100,100,AIR,313,0,0,0,SQFT,0,,,0,,,,,,,Ada,,,0,SQFT,,-999,H,0,-999,0,0,0,0,0,0,0,0,0,0,0,0,0,0,0,0,0,0,0,0,0,0,0,0,0,0,0,,0,0,0,0,0,0,0,0,0,0,0,0,0,0,0,0,0,0,0,0,0,0,0,0,0,0,0,0,0,0,-999,,-999,,-999,,0,0,0,0,0,,0,0,0,0,0,0,0,"HL, ST, SW, TC, TD, WS",C,0,0,0,0,1,1,C,0,0,0,0,N,0,N,0,0,N,0
1254209,11358550,159,,,0,0,2022-05-01,2023-04-30,4095 S GAKELER LANE,BOISE,,Ada,Idaho,,83705,US,43.565256,-116.184107,,UN,USER,,0,0,3522440,0,365,USD,1,0,AIR,100,100,AIR,313,0,0,0,SQFT,0,,,0,,,,,,,Ada,,,0,SQFT,,-999,H,0,-999,0,0,0,0,0,0,0,0,0,0,0,0,0,0,0,0,0,0,0,0,0,0,0,0,0,0,0,,0,0,0,0,0,0,0,0,0,0,0,0,0,0,0,0,0,0,0,0,0,0,0,0,0,0,0,0,0,0,-999,,-999,,-999,,0,0,0,0,0,,0,0,0,0,0,0,0,"HL, ST, SW, TC, TD, WS",C,0,0,0,0,1,1,C,0,0,0,0,N,0,N,0,0,N,0
1254209,11358407,16,,,0,0,2022-05-01,2023-04-30,,,,Shanghai - Pudong Xinqu,Shanghai,,,CN,31.216642,121.62899,,UN,,,52700,0,5403323,0,365,USD,1,0,AIR,100,100,AIR,315,0,0,0,SQFT,0,,,0,,,,,,,Shanghai - Pudong Xinqu,,,0,SQFT,,-999,H,0,-999,0,0,0,0,0,0,0,0,0,0,0,0,0,0,0,0,0,0,0,0,0,0,0,0,0,0,0,,0,0,0,0,0,0,0,0,0,0,0,0,0,0,0,0,0,0,0,0,0,0,0,0,0,0,0,0,0,0,-999,,-999,,-999,,0,0,0,0,0,,0,0,0,0,0,0,0,"HL, ST, SW, TC, TD, WS",C,0,0,0,0,1,1,C,0,0,0,0,N,0,N,0,0,N,0
1254209,11358551,160,,,0,0,2022-05-01,2023-04-30,6675 S EISENMANN,BOISE,,Ada,Idaho,,83716,US,43.541198,-116.167906,,UN,USER,,0,0,2321352,0,365,USD,1,0,AIR,100,100,AIR,315,0,0,7284.8852,SQFT,0,,,0,,,,,,,Ada,,,0,SQFT,,-999,H,0,-999,0,0,0,0,0,0,0,0,0,0,0,0,0,0,0,0,0,0,0,0,0,0,0,0,0,0,0,,0,0,0,0,0,0,0,0,0,0,0,0,0,0,0,0,0,0,0,0,0,0,0,0,0,0,0,0,0,0,-999,,-999,,-999,,0,0,0,0,0,,0,0,0,0,0,0,0,"HL, ST, SW, TC, TD, WS",C,0,0,0,0,1,1,C,0,0,0,0,N,0,N,0,0,N,0
1254209,11358552,161,,,0,0,2022-05-01,2023-04-30,6401 S EISENMAN ROAD,BOISE,,Ada,Idaho,,83716,US,43.543644,-116.166362,,UN,USER,,0,0,1896874,0,365,USD,1,0,AIR,100,100,AIR,315,0,0,0,SQFT,0,,,0,,,,,,,Ada,,,0,SQFT,,-999,H,0,-999,0,0,0,0,0,0,0,0,0,0,0,0,0,0,0,0,0,0,0,0,0,0,0,0,0,0,0,,0,0,0,0,0,0,0,0,0,0,0,0,0,0,0,0,0,0,0,0,0,0,0,0,0,0,0,0,0,0,-999,,-999,,-999,,0,0,0,0,0,,0,0,0,0,0,0,0,"HL, ST, SW, TC, TD, WS",C,0,0,0,0,1,1,C,0,0,0,0,N,0,N,0,0,N,0
1254209,11358553,162,,,0,0,2022-05-01,2023-04-30,5101 CASS AVENUE,DETROIT,,Wayne,Michigan,,48202,US,42.356637,-83.067183,,UN,USER,,0,0,205443,0,365,USD,1,0,AIR,100,100,AIR,315,0,0,1173,SQFT,0,,,0,,,,,,,Wayne,,,0,SQFT,,-999,H,0,-999,0,0,0,0,0,0,0,0,0,0,0,0,0,0,0,0,0,0,0,0,0,0,0,0,0,0,0,,0,0,0,0,0,0,0,0,0,0,0,0,0,0,0,0,0,0,0,0,0,0,0,0,0,0,0,0,0,0,-999,,-999,,-999,,0,0,0,0,0,,0,0,0,0,0,0,0,"HL, ST, SW, TC, TD, WS",C,0,0,0,0,1,1,C,0,0,0,0,N,0,N,0,0,N,0
1254209,11358554,163,,,0,0,2022-05-01,2023-04-30,2531 ROUTE 52,FISHKILL,,Dutchess,New York,,12533,US,41.554797,-73.78894,,UN,USER,,0,0,471878,0,365,USD,1,0,AIR,100,100,AIR,315,0,0,13098.7154,SQFT,0,,,0,,,,,,,Dutchess,,,0,SQFT,,-999,H,0,-999,0,0,0,0,0,0,0,0,0,0,0,0,0,0,0,0,0,0,0,0,0,0,0,0,0,0,0,,0,0,0,0,0,0,0,0,0,0,0,0,0,0,0,0,0,0,0,0,0,0,0,0,0,0,0,0,0,0,-999,,-999,,-999,,0,0,0,0,0,,0,0,0,0,0,0,0,"HL, ST, SW, TC, TD, WS",C,0,0,0,0,1,1,C,0,0,0,0,N,0,N,0,0,N,0
1254209,11358555,164,,,0,0,2022-05-01,2023-04-30,49235 MILMONT DR,FREMONT,,Alameda,California,,94538,US,37.457358,-121.919639,,UN,USER,,0,0,5726931,0,365,USD,1,0,AIR,100,100,AIR,313,0,0,0,SQFT,0,,,0,,,,,,,Alameda,,,0,SQFT,,-999,H,0,-999,0,0,0,0,0,0,0,0,0,0,0,0,0,0,0,0,0,0,0,0,0,0,0,0,0,0,0,,0,0,0,0,0,0,0,0,0,0,0,0,0,0,0,0,0,0,0,0,0,0,0,0,0,0,0,0,0,0,-999,,-999,,-999,,0,0,0,0,0,,0,0,0,0,0,0,0,"HL, ST, SW, TC, TD, WS",C,0,0,0,0,1,1,C,0,0,0,0,N,0,N,0,0,N,0
1254209,11358556,165,,,0,0,2022-05-01,2023-04-30,35 DORY ROAD,GLOUCESTER,,Essex,Massachusetts,,1930,US,42.6274,-70.65173,,UN,USER,,71368000,0,72614500,698247000,365,USD,1,0,AIR,100,100,AIR,456,0,0,227473.6045,SQFT,0,,,0,,,,,,,Essex,,,0,SQFT,,-999,H,0,-999,0,0,0,0,0,0,0,0,0,0,0,0,0,0,0,0,0,0,0,0,0,0,0,0,0,0,0,,0,0,0,0,0,0,0,0,0,0,0,0,0,0,0,0,0,0,0,0,0,0,0,0,0,0,0,0,0,0,-999,,-999,,-999,,0,0,0,0,0,,0,0,0,0,0,0,0,"HL, ST, SW, TC, TD, WS",C,0,0,0,0,1,1,C,0,0,0,0,N,0,N,0,0,N,0
1254209,11358557,166,,,0,0,2022-05-01,2023-04-30,14 20 BLACKBURN CENTER,GLOUCESTER,,Essex,Massachusetts,,1930,US,42.62561,-70.652339,,UN,USER,,9751063,0,40806700,0,365,USD,1,0,AIR,100,100,AIR,315,0,0,44009.5381,SQFT,0,,,0,,,,,,,Essex,,,0,SQFT,,-999,H,0,-999,0,0,0,0,0,0,0,0,0,0,0,0,0,0,0,0,0,0,0,0,0,0,0,0,0,0,0,,0,0,0,0,0,0,0,0,0,0,0,0,0,0,0,0,0,0,0,0,0,0,0,0,0,0,0,0,0,0,-999,,-999,,-999,,0,0,0,0,0,,0,0,0,0,0,0,0,"HL, ST, SW, TC, TD, WS",C,0,0,0,0,1,1,C,0,0,0,0,N,0,N,0,0,N,0
1254209,11358558,167,,,0,0,2022-05-01,2023-04-30,80 BLACKBURN CENTER,GLOUCESTER,,Essex,Massachusetts,,1930,US,42.623862,-70.652808,,UN,USER,,487268,0,31973466,0,365,USD,1,0,AIR,100,100,AIR,313,0,0,41302.6666,SQFT,0,,,0,,,,,,,Essex,,,0,SQFT,,-999,H,0,-999,0,0,0,0,0,0,0,0,0,0,0,0,0,0,0,0,0,0,0,0,0,0,0,0,0,0,0,,0,0,0,0,0,0,0,0,0,0,0,0,0,0,0,0,0,0,0,0,0,0,0,0,0,0,0,0,0,0,-999,,-999,,-999,,0,0,0,0,0,,0,0,0,0,0,0,0,"HL, ST, SW, TC, TD, WS",C,0,0,0,0,1,1,C,0,0,0,0,N,0,N,0,0,N,0
1254209,11358559,168,,,0,0,2022-05-01,2023-04-30,14 BLACKBURN DRIVE,GLOUCESTER,,Essex,Massachusetts,,1930,US,42.626755,-70.6537,,UN,USER,,9167245,0,5017975,0,365,USD,1,0,AIR,100,100,AIR,315,0,0,43969.4295,SQFT,0,,,0,,,,,,,Essex,,,0,SQFT,,-999,H,0,-999,0,0,0,0,0,0,0,0,0,0,0,0,0,0,0,0,0,0,0,0,0,0,0,0,0,0,0,,0,0,0,0,0,0,0,0,0,0,0,0,0,0,0,0,0,0,0,0,0,0,0,0,0,0,0,0,0,0,-999,,-999,,-999,,0,0,0,0,0,,0,0,0,0,0,0,0,"HL, ST, SW, TC, TD, WS",C,0,0,0,0,1,1,C,0,0,0,0,N,0,N,0,0,N,0
1254209,11358560,169,,,0,0,2022-05-01,2023-04-30,30 31 BLACKBURN CENTER,GLOUCESTER,,Essex,Massachusetts,,1930,US,42.62588,-70.650872,,UN,USER,,3897827,0,1295897,0,365,USD,1,0,AIR,100,100,AIR,315,0,0,12202.2454,SQFT,0,,,0,,,,,,,Essex,,,0,SQFT,,-999,H,0,-999,0,0,0,0,0,0,0,0,0,0,0,0,0,0,0,0,0,0,0,0,0,0,0,0,0,0,0,,0,0,0,0,0,0,0,0,0,0,0,0,0,0,0,0,0,0,0,0,0,0,0,0,0,0,0,0,0,0,-999,,-999,,-999,,0,0,0,0,0,,0,0,0,0,0,0,0,"HL, ST, SW, TC, TD, WS",C,0,0,0,0,1,1,C,0,0,0,0,N,0,N,0,0,N,0
1254209,11358408,17,,,0,0,2022-05-01,2023-04-30,,,,Shanghai - Baoshan Qu,Shanghai,,,CN,31.35071,121.38715,,UN,,,0,0,2141333,0,365,USD,1,0,AIR,100,100,AIR,315,0,0,3367.2463,SQFT,0,,,0,,,,,,,Shanghai - Baoshan Qu,,,0,SQFT,,-999,H,0,-999,0,0,0,0,0,0,0,0,0,0,0,0,0,0,0,0,0,0,0,0,0,0,0,0,0,0,0,,0,0,0,0,0,0,0,0,0,0,0,0,0,0,0,0,0,0,0,0,0,0,0,0,0,0,0,0,0,0,-999,,-999,,-999,,0,0,0,0,0,,0,0,0,0,0,0,0,"HL, ST, SW, TC, TD, WS",C,0,0,0,0,1,1,C,0,0,0,0,N,0,N,0,0,N,0
1254209,11358561,170,,,0,0,2022-05-01,2023-04-30,35 DORY ROAD,GLOUCESTER,,Essex,Massachusetts,,1930,US,42.628002,-70.651166,,UN,USER,,438809,0,3870328,0,365,USD,1,0,AIR,100,100,AIR,315,0,0,5584.0555,SQFT,0,,,0,,,,,,,Essex,,,0,SQFT,,-999,H,0,-999,0,0,0,0,0,0,0,0,0,0,0,0,0,0,0,0,0,0,0,0,0,0,0,0,0,0,0,,0,0,0,0,0,0,0,0,0,0,0,0,0,0,0,0,0,0,0,0,0,0,0,0,0,0,0,0,0,0,-999,,-999,,-999,,0,0,0,0,0,,0,0,0,0,0,0,0,"HL, ST, SW, TC, TD, WS",C,0,0,0,0,1,1,C,0,0,0,0,N,0,N,0,0,N,0
1254209,11358562,171,,,0,0,2022-05-01,2023-04-30,52R BLACKBURN CENTER,GLOUCESTER,,Essex,Massachusetts,,1930,US,42.624819,-70.651789,,UN,USER,,351553,0,2752653,0,365,USD,1,0,AIR,100,100,AIR,315,0,0,4647.5118,SQFT,0,,,0,,,,,,,Essex,,,0,SQFT,,-999,H,0,-999,0,0,0,0,0,0,0,0,0,0,0,0,0,0,0,0,0,0,0,0,0,0,0,0,0,0,0,,0,0,0,0,0,0,0,0,0,0,0,0,0,0,0,0,0,0,0,0,0,0,0,0,0,0,0,0,0,0,-999,,-999,,-999,,0,0,0,0,0,,0,0,0,0,0,0,0,"HL, ST, SW, TC, TD, WS",C,0,0,0,0,1,1,C,0,0,0,0,N,0,N,0,0,N,0
1254209,11358563,172,,,0,0,2022-05-01,2023-04-30,21 POND RD,GLOUCESTER,,Essex,Massachusetts,,1930,US,42.626819,-70.642721,,UN,USER,,0,0,1187652,0,365,USD,1,0,AIR,100,100,AIR,315,0,0,22327.5618,SQFT,0,,,0,,,,,,,Essex,,,0,SQFT,,-999,H,0,-999,0,0,0,0,0,0,0,0,0,0,0,0,0,0,0,0,0,0,0,0,0,0,0,0,0,0,0,,0,0,0,0,0,0,0,0,0,0,0,0,0,0,0,0,0,0,0,0,0,0,0,0,0,0,0,0,0,0,-999,,-999,,-999,,0,0,0,0,0,,0,0,0,0,0,0,0,"HL, ST, SW, TC, TD, WS",C,0,0,0,0,1,1,C,0,0,0,0,N,0,N,0,0,N,0
1254209,11358564,173,,,0,0,2022-05-01,2023-04-30,35 DORY ROAD,GLOUCESTER,,Essex,Massachusetts,,1930,US,42.628002,-70.651166,,UN,USER,,632294,0,73665,0,365,USD,1,0,AIR,100,100,AIR,315,0,0,3693.1513,SQFT,0,,,0,,,,,,,Essex,,,0,SQFT,,-999,H,0,-999,0,0,0,0,0,0,0,0,0,0,0,0,0,0,0,0,0,0,0,0,0,0,0,0,0,0,0,,0,0,0,0,0,0,0,0,0,0,0,0,0,0,0,0,0,0,0,0,0,0,0,0,0,0,0,0,0,0,-999,,-999,,-999,,0,0,0,0,0,,0,0,0,0,0,0,0,"HL, ST, SW, TC, TD, WS",C,0,0,0,0,1,1,C,0,0,0,0,N,0,N,0,0,N,0
1254209,11358565,174,,,0,0,2022-05-01,2023-04-30,79 BLACKBURN CENTER,GLOUCESTER,,Essex,Massachusetts,,1930,US,42.623321,-70.651613,,UN,USER,,313719,0,379308,0,365,USD,1,0,AIR,100,100,AIR,315,0,0,8611.513,SQFT,0,,,0,,,,,,,Essex,,,0,SQFT,,-999,H,0,-999,0,0,0,0,0,0,0,0,0,0,0,0,0,0,0,0,0,0,0,0,0,0,0,0,0,0,0,,0,0,0,0,0,0,0,0,0,0,0,0,0,0,0,0,0,0,0,0,0,0,0,0,0,0,0,0,0,0,-999,,-999,,-999,,0,0,0,0,0,,0,0,0,0,0,0,0,"HL, ST, SW, TC, TD, WS",C,0,0,0,0,1,1,C,0,0,0,0,N,0,N,0,0,N,0
1254209,11358566,175,,,0,0,2022-05-01,2023-04-30,45 BLACKBURN CENTER,GLOUCESTER,,Essex,Massachusetts,,1930,US,42.624503,-70.652773,,UN,USER,,0,0,477407,0,365,USD,1,0,AIR,100,100,AIR,313,0,0,6150.434,SQFT,0,,,0,,,,,,,Essex,,,0,SQFT,,-999,H,0,-999,0,0,0,0,0,0,0,0,0,0,0,0,0,0,0,0,0,0,0,0,0,0,0,0,0,0,0,,0,0,0,0,0,0,0,0,0,0,0,0,0,0,0,0,0,0,0,0,0,0,0,0,0,0,0,0,0,0,-999,,-999,,-999,,0,0,0,0,0,,0,0,0,0,0,0,0,"HL, ST, SW, TC, TD, WS",C,0,0,0,0,1,1,C,0,0,0,0,N,0,N,0,0,N,0
1254209,11358567,176,,,0,0,2022-05-01,2023-04-30,35 DORY ROAD,GLOUCESTER,,Essex,Massachusetts,,1930,US,42.628002,-70.651166,,UN,USER,,251690,0,51157,0,365,USD,1,0,AIR,100,100,AIR,315,0,0,1342.2083,SQFT,0,,,0,,,,,,,Essex,,,0,SQFT,,-999,H,0,-999,0,0,0,0,0,0,0,0,0,0,0,0,0,0,0,0,0,0,0,0,0,0,0,0,0,0,0,,0,0,0,0,0,0,0,0,0,0,0,0,0,0,0,0,0,0,0,0,0,0,0,0,0,0,0,0,0,0,-999,,-999,,-999,,0,0,0,0,0,,0,0,0,0,0,0,0,"HL, ST, SW, TC, TD, WS",C,0,0,0,0,1,1,C,0,0,0,0,N,0,N,0,0,N,0
1254209,11358568,177,,,0,0,2022-05-01,2023-04-30,70 BLACKBURN CENTER,GLOUCESTER,,Essex,Massachusetts,,1930,US,42.623321,-70.651613,,UN,USER,,30529,0,208103,0,365,USD,1,0,AIR,100,100,AIR,313,0,0,0,SQFT,0,,,0,,,,,,,Essex,,,0,SQFT,,-999,H,0,-999,0,0,0,0,0,0,0,0,0,0,0,0,0,0,0,0,0,0,0,0,0,0,0,0,0,0,0,,0,0,0,0,0,0,0,0,0,0,0,0,0,0,0,0,0,0,0,0,0,0,0,0,0,0,0,0,0,0,-999,,-999,,-999,,0,0,0,0,0,,0,0,0,0,0,0,0,"HL, ST, SW, TC, TD, WS",C,0,0,0,0,1,1,C,0,0,0,0,N,0,N,0,0,N,0
1254209,11358569,178,,,0,0,2022-05-01,2023-04-30,77 BLACKBURN CENTER,GLOUCESTER,,Essex,Massachusetts,,1930,US,42.623321,-70.651613,,UN,USER,,0,0,128480,0,365,USD,1,0,AIR,100,100,AIR,315,0,0,8191.5729,SQFT,0,,,0,,,,,,,Essex,,,0,SQFT,,-999,H,0,-999,0,0,0,0,0,0,0,0,0,0,0,0,0,0,0,0,0,0,0,0,0,0,0,0,0,0,0,,0,0,0,0,0,0,0,0,0,0,0,0,0,0,0,0,0,0,0,0,0,0,0,0,0,0,0,0,0,0,-999,,-999,,-999,,0,0,0,0,0,,0,0,0,0,0,0,0,"HL, ST, SW, TC, TD, WS",C,0,0,0,0,1,1,C,0,0,0,0,N,0,N,0,0,N,0
1254209,11358570,179,,,0,0,2022-05-01,2023-04-30,78 BLACKBURN CENTER,GLOUCESTER,,Essex,Massachusetts,,1930,US,42.623321,-70.651613,,UN,USER,,0,0,26235,0,365,USD,1,0,AIR,100,100,AIR,315,0,0,8648.3299,SQFT,0,,,0,,,,,,,Essex,,,0,SQFT,,-999,H,0,-999,0,0,0,0,0,0,0,0,0,0,0,0,0,0,0,0,0,0,0,0,0,0,0,0,0,0,0,,0,0,0,0,0,0,0,0,0,0,0,0,0,0,0,0,0,0,0,0,0,0,0,0,0,0,0,0,0,0,-999,,-999,,-999,,0,0,0,0,0,,0,0,0,0,0,0,0,"HL, ST, SW, TC, TD, WS",C,0,0,0,0,1,1,C,0,0,0,0,N,0,N,0,0,N,0
1254209,11358409,18,,,0,0,2022-05-01,2023-04-30,,,,Shanghai - Pudong Xinqu,Shanghai,,,CN,31.216642,121.62899,,UN,,,0,0,2023126,0,365,USD,1,0,AIR,100,100,AIR,315,0,0,0,SQFT,0,,,0,,,,,,,Shanghai - Pudong Xinqu,,,0,SQFT,,-999,H,0,-999,0,0,0,0,0,0,0,0,0,0,0,0,0,0,0,0,0,0,0,0,0,0,0,0,0,0,0,,0,0,0,0,0,0,0,0,0,0,0,0,0,0,0,0,0,0,0,0,0,0,0,0,0,0,0,0,0,0,-999,,-999,,-999,,0,0,0,0,0,,0,0,0,0,0,0,0,"HL, ST, SW, TC, TD, WS",C,0,0,0,0,1,1,C,0,0,0,0,N,0,N,0,0,N,0
1254209,11358571,180,,,0,0,2022-05-01,2023-04-30,3030 NE ALOCLEK DRIVE,HILLSBORO,,Washington,Oregon,,97124,US,45.541545,-122.892396,,UN,USER,,0,0,7297582,0,365,USD,1,0,AIR,100,100,AIR,456,0,0,0,SQFT,0,,,0,,,,,,,Washington,,,0,SQFT,,-999,H,0,-999,0,0,0,0,0,0,0,0,0,0,0,0,0,0,0,0,0,0,0,0,0,0,0,0,0,0,0,,0,0,0,0,0,0,0,0,0,0,0,0,0,0,0,0,0,0,0,0,0,0,0,0,0,0,0,0,0,0,-999,,-999,,-999,,0,0,0,0,0,,0,0,0,0,0,0,0,"HL, ST, SW, TC, TD, WS",C,0,0,0,0,1,1,C,0,0,0,0,N,0,N,0,0,N,0
1254209,11358572,181,,,0,0,2022-05-01,2023-04-30,3085 NE BROOKWOOD PARKWAY,HILLSBORO,,Washington,Oregon,,97124,US,45.546526,-122.935222,,UN,USER,,0,0,7297582,0,365,USD,1,0,AIR,100,100,AIR,456,0,0,0,SQFT,0,,,0,,,,,,,Washington,,,0,SQFT,,-999,H,0,-999,0,0,0,0,0,0,0,0,0,0,0,0,0,0,0,0,0,0,0,0,0,0,0,0,0,0,0,,0,0,0,0,0,0,0,0,0,0,0,0,0,0,0,0,0,0,0,0,0,0,0,0,0,0,0,0,0,0,-999,,-999,,-999,,0,0,0,0,0,,0,0,0,0,0,0,0,"HL, ST, SW, TC, TD, WS",C,0,0,0,0,1,1,C,0,0,0,0,N,0,N,0,0,N,0
1254209,11358573,182,,,0,0,2022-05-01,2023-04-30,8875 NE VON NEUMANN DRIVE,HILLSBORO,,Washington,Oregon,,97006,US,45.532103,-122.887909,,UN,USER,,0,0,7004718,0,365,USD,1,0,AIR,100,100,AIR,315,0,0,22246.0662,SQFT,0,,,0,,,,,,,Washington,,,0,SQFT,,-999,H,0,-999,0,0,0,0,0,0,0,0,0,0,0,0,0,0,0,0,0,0,0,0,0,0,0,0,0,0,0,,0,0,0,0,0,0,0,0,0,0,0,0,0,0,0,0,0,0,0,0,0,0,0,0,0,0,0,0,0,0,-999,,-999,,-999,,0,0,0,0,0,,0,0,0,0,0,0,0,"HL, ST, SW, TC, TD, WS",C,0,0,0,0,1,1,C,0,0,0,0,N,0,N,0,0,N,0
1254209,11358574,183,,,0,0,2022-05-01,2023-04-30,21421 NW JACOBSON RD,HILLSBORO,,Washington,Oregon,,97124,US,45.56506,-122.897037,,UN,USER,,5172019,0,18546,0,365,USD,1,0,AIR,100,100,AIR,313,0,0,0,SQFT,0,,,0,,,,,,,Washington,,,0,SQFT,,-999,H,0,-999,0,0,0,0,0,0,0,0,0,0,0,0,0,0,0,0,0,0,0,0,0,0,0,0,0,0,0,,0,0,0,0,0,0,0,0,0,0,0,0,0,0,0,0,0,0,0,0,0,0,0,0,0,0,0,0,0,0,-999,,-999,,-999,,0,0,0,0,0,,0,0,0,0,0,0,0,"HL, ST, SW, TC, TD, WS",C,0,0,0,0,1,1,C,0,0,0,0,N,0,N,0,0,N,0
1254209,11358575,184,,,0,0,2022-05-01,2023-04-30,7395 N E EVERGREEN PARKWAY,HILLSBORO,,Washington,Oregon,,97124,US,45.547901,-122.902542,,UN,USER,,0,0,3919359,0,365,USD,1,0,AIR,100,100,AIR,315,0,0,28124.0856,SQFT,0,,,0,,,,,,,Washington,,,0,SQFT,,-999,H,0,-999,0,0,0,0,0,0,0,0,0,0,0,0,0,0,0,0,0,0,0,0,0,0,0,0,0,0,0,,0,0,0,0,0,0,0,0,0,0,0,0,0,0,0,0,0,0,0,0,0,0,0,0,0,0,0,0,0,0,-999,,-999,,-999,,0,0,0,0,0,,0,0,0,0,0,0,0,"HL, ST, SW, TC, TD, WS",C,0,0,0,0,1,1,C,0,0,0,0,N,0,N,0,0,N,0
1254209,11358576,185,,,0,0,2022-05-01,2023-04-30,8875 NE VON NEUMANN DRIVE,HILLSBORO,,Washington,Oregon,,97006,US,45.532103,-122.887909,,UN,USER,,0,0,2440415,0,365,USD,1,0,AIR,100,100,AIR,323,0,0,0,SQFT,0,,,0,,,,,,,Washington,,,0,SQFT,,-999,H,0,-999,0,0,0,0,0,0,0,0,0,0,0,0,0,0,0,0,0,0,0,0,0,0,0,0,0,0,0,,0,0,0,0,0,0,0,0,0,0,0,0,0,0,0,0,0,0,0,0,0,0,0,0,0,0,0,0,0,0,-999,,-999,,-999,,0,0,0,0,0,,0,0,0,0,0,0,0,"HL, ST, SW, TC, TD, WS",C,0,0,0,0,1,1,C,0,0,0,0,N,0,N,0,0,N,0
1254209,11358577,186,,,0,0,2022-05-01,2023-04-30,21515 NW EVERGREEN PARKWAY,HILLSBORO,,Washington,Oregon,,97124,US,45.547238,-122.898753,,UN,USER,,0,0,2264564,0,365,USD,1,0,AIR,100,100,AIR,323,0,0,0,SQFT,0,,,0,,,,,,,Washington,,,0,SQFT,,-999,H,0,-999,0,0,0,0,0,0,0,0,0,0,0,0,0,0,0,0,0,0,0,0,0,0,0,0,0,0,0,,0,0,0,0,0,0,0,0,0,0,0,0,0,0,0,0,0,0,0,0,0,0,0,0,0,0,0,0,0,0,-999,,-999,,-999,,0,0,0,0,0,,0,0,0,0,0,0,0,"HL, ST, SW, TC, TD, WS",C,0,0,0,0,1,1,C,0,0,0,0,N,0,N,0,0,N,0
1254209,11358578,187,,,0,0,2022-05-01,2023-04-30,7245 NW EVERGREEN PARKWAY,HILLSBORO,,Washington,Oregon,,97124,US,45.547031,-122.903526,,UN,USER,,0,0,1896874,0,365,USD,1,0,AIR,100,100,AIR,315,0,0,0,SQFT,0,,,0,,,,,,,Washington,,,0,SQFT,,-999,H,0,-999,0,0,0,0,0,0,0,0,0,0,0,0,0,0,0,0,0,0,0,0,0,0,0,0,0,0,0,,0,0,0,0,0,0,0,0,0,0,0,0,0,0,0,0,0,0,0,0,0,0,0,0,0,0,0,0,0,0,-999,,-999,,-999,,0,0,0,0,0,,0,0,0,0,0,0,0,"HL, ST, SW, TC, TD, WS",C,0,0,0,0,1,1,C,0,0,0,0,N,0,N,0,0,N,0
1254209,11358579,188,,,0,0,2022-05-01,2023-04-30,655 W RESERVE DR,KALISPELL,,Flathead,Montana,,59901,US,48.24273,-114.31472,,UN,USER,,41576700,0,92729900,60200000,365,USD,1,0,AIR,100,100,AIR,456,0,0,165422.9775,SQFT,0,,,0,,,,,,,Flathead,,,0,SQFT,,-999,H,0,-999,0,0,0,0,0,0,0,0,0,0,0,0,0,0,0,0,0,0,0,0,0,0,0,0,0,0,0,,0,0,0,0,0,0,0,0,0,0,0,0,0,0,0,0,0,0,0,0,0,0,0,0,0,0,0,0,0,0,-999,,-999,,-999,,0,0,0,0,0,,0,0,0,0,0,0,0,"HL, ST, SW, TC, TD, WS",C,0,0,0,0,1,1,C,0,0,0,0,N,0,N,0,0,N,0
1254209,11358580,189,,,0,0,2022-05-01,2023-04-30,3850 US HWY 2,KALISPELL,,Flathead,Montana,,59901,US,48.293002,-114.257584,,UN,USER,,4003164,0,15125000,16000000,365,USD,1,0,AIR,100,100,AIR,456,0,0,79453.4019,SQFT,0,,,0,,,,,,,Flathead,,,0,SQFT,,-999,H,0,-999,0,0,0,0,0,0,0,0,0,0,0,0,0,0,0,0,0,0,0,0,0,0,0,0,0,0,0,,0,0,0,0,0,0,0,0,0,0,0,0,0,0,0,0,0,0,0,0,0,0,0,0,0,0,0,0,0,0,-999,,-999,,-999,,0,0,0,0,0,,0,0,0,0,0,0,0,"HL, ST, SW, TC, TD, WS",C,0,0,0,0,1,1,C,0,0,0,0,N,0,N,0,0,N,0
